{"pages":["ATSURT-LIGHT-1TTF.png"],"chars":[{"id":87,"index":99,"char":"W","width":48,"height":36,"xoffset":-1,"yoffset":2,"xadvance":45,"chnl":15,"x":0,"y":0,"page":0},{"id":106,"index":188,"char":"j","width":13,"height":46,"xoffset":-3,"yoffset":2,"xadvance":10,"chnl":15,"x":0,"y":37,"page":0},{"id":119,"index":241,"char":"w","width":39,"height":26,"xoffset":-1,"yoffset":12,"xadvance":36,"chnl":15,"x":0,"y":84,"page":0},{"id":81,"index":74,"char":"Q","width":34,"height":39,"xoffset":0,"yoffset":1,"xadvance":35,"chnl":15,"x":14,"y":37,"page":0},{"id":109,"index":196,"char":"m","width":38,"height":27,"xoffset":1,"yoffset":11,"xadvance":40,"chnl":15,"x":0,"y":111,"page":0},{"id":98,"index":153,"char":"b","width":25,"height":37,"xoffset":1,"yoffset":2,"xadvance":25,"chnl":15,"x":0,"y":139,"page":0},{"id":100,"index":159,"char":"d","width":25,"height":37,"xoffset":0,"yoffset":2,"xadvance":25,"chnl":15,"x":0,"y":177,"page":0},{"id":102,"index":172,"char":"f","width":15,"height":37,"xoffset":-1,"yoffset":1,"xadvance":13,"chnl":15,"x":0,"y":215,"page":0},{"id":103,"index":173,"char":"g","width":25,"height":37,"xoffset":-1,"yoffset":11,"xadvance":25,"chnl":15,"x":16,"y":215,"page":0},{"id":112,"index":213,"char":"p","width":25,"height":37,"xoffset":1,"yoffset":11,"xadvance":25,"chnl":15,"x":26,"y":139,"page":0},{"id":113,"index":215,"char":"q","width":25,"height":37,"xoffset":-1,"yoffset":11,"xadvance":26,"chnl":15,"x":26,"y":177,"page":0},{"id":67,"index":14,"char":"C","width":33,"height":37,"xoffset":0,"yoffset":1,"xadvance":33,"chnl":15,"x":42,"y":215,"page":0},{"id":71,"index":33,"char":"G","width":33,"height":37,"xoffset":0,"yoffset":1,"xadvance":34,"chnl":15,"x":40,"y":77,"page":0},{"id":74,"index":47,"char":"J","width":24,"height":37,"xoffset":-1,"yoffset":2,"xadvance":24,"chnl":15,"x":49,"y":0,"page":0},{"id":79,"index":62,"char":"O","width":34,"height":37,"xoffset":0,"yoffset":1,"xadvance":35,"chnl":15,"x":49,"y":38,"page":0},{"id":83,"index":79,"char":"S","width":29,"height":37,"xoffset":-1,"yoffset":1,"xadvance":28,"chnl":15,"x":74,"y":0,"page":0},{"id":85,"index":89,"char":"U","width":28,"height":37,"xoffset":2,"yoffset":2,"xadvance":31,"chnl":15,"x":52,"y":115,"page":0},{"id":8709,"index":685,"char":"∅","width":28,"height":37,"xoffset":1,"yoffset":6,"xadvance":30,"chnl":15,"x":74,"y":76,"page":0},{"id":104,"index":177,"char":"h","width":23,"height":36,"xoffset":1,"yoffset":2,"xadvance":24,"chnl":15,"x":84,"y":38,"page":0},{"id":105,"index":179,"char":"i","width":8,"height":36,"xoffset":1,"yoffset":2,"xadvance":9,"chnl":15,"x":104,"y":0,"page":0},{"id":107,"index":189,"char":"k","width":21,"height":36,"xoffset":1,"yoffset":2,"xadvance":20,"chnl":15,"x":52,"y":153,"page":0},{"id":108,"index":191,"char":"l","width":8,"height":36,"xoffset":1,"yoffset":2,"xadvance":9,"chnl":15,"x":74,"y":153,"page":0},{"id":121,"index":247,"char":"y","width":24,"height":36,"xoffset":-1,"yoffset":12,"xadvance":21,"chnl":15,"x":81,"y":114,"page":0},{"id":65,"index":1,"char":"A","width":33,"height":36,"xoffset":-1,"yoffset":2,"xadvance":32,"chnl":15,"x":103,"y":75,"page":0},{"id":66,"index":13,"char":"B","width":27,"height":36,"xoffset":2,"yoffset":2,"xadvance":30,"chnl":15,"x":108,"y":37,"page":0},{"id":68,"index":19,"char":"D","width":30,"height":36,"xoffset":2,"yoffset":2,"xadvance":32,"chnl":15,"x":113,"y":0,"page":0},{"id":69,"index":23,"char":"E","width":26,"height":36,"xoffset":2,"yoffset":2,"xadvance":30,"chnl":15,"x":136,"y":37,"page":0},{"id":70,"index":32,"char":"F","width":25,"height":36,"xoffset":2,"yoffset":2,"xadvance":26,"chnl":15,"x":144,"y":0,"page":0},{"id":72,"index":37,"char":"H","width":28,"height":36,"xoffset":2,"yoffset":2,"xadvance":32,"chnl":15,"x":76,"y":190,"page":0},{"id":73,"index":39,"char":"I","width":8,"height":36,"xoffset":1,"yoffset":2,"xadvance":10,"chnl":15,"x":83,"y":151,"page":0},{"id":75,"index":48,"char":"K","width":26,"height":36,"xoffset":2,"yoffset":2,"xadvance":28,"chnl":15,"x":92,"y":151,"page":0},{"id":76,"index":50,"char":"L","width":25,"height":36,"xoffset":2,"yoffset":2,"xadvance":26,"chnl":15,"x":106,"y":112,"page":0},{"id":77,"index":55,"char":"M","width":31,"height":36,"xoffset":2,"yoffset":2,"xadvance":36,"chnl":15,"x":105,"y":188,"page":0},{"id":78,"index":56,"char":"N","width":28,"height":36,"xoffset":2,"yoffset":2,"xadvance":32,"chnl":15,"x":119,"y":149,"page":0},{"id":80,"index":72,"char":"P","width":26,"height":36,"xoffset":2,"yoffset":2,"xadvance":28,"chnl":15,"x":132,"y":112,"page":0},{"id":82,"index":75,"char":"R","width":27,"height":36,"xoffset":2,"yoffset":2,"xadvance":28,"chnl":15,"x":137,"y":74,"page":0},{"id":84,"index":84,"char":"T","width":27,"height":36,"xoffset":-1,"yoffset":2,"xadvance":26,"chnl":15,"x":163,"y":37,"page":0},{"id":86,"index":98,"char":"V","width":33,"height":36,"xoffset":-1,"yoffset":2,"xadvance":31,"chnl":15,"x":170,"y":0,"page":0},{"id":88,"index":104,"char":"X","width":29,"height":36,"xoffset":-1,"yoffset":2,"xadvance":28,"chnl":15,"x":204,"y":0,"page":0},{"id":89,"index":105,"char":"Y","width":30,"height":36,"xoffset":-1,"yoffset":2,"xadvance":28,"chnl":15,"x":137,"y":186,"page":0},{"id":90,"index":110,"char":"Z","width":28,"height":36,"xoffset":0,"yoffset":2,"xadvance":27,"chnl":15,"x":148,"y":149,"page":0},{"id":116,"index":226,"char":"t","width":16,"height":32,"xoffset":-1,"yoffset":6,"xadvance":14,"chnl":15,"x":137,"y":223,"page":0},{"id":97,"index":141,"char":"a","width":25,"height":27,"xoffset":0,"yoffset":11,"xadvance":26,"chnl":15,"x":76,"y":227,"page":0},{"id":99,"index":154,"char":"c","width":24,"height":27,"xoffset":-1,"yoffset":11,"xadvance":23,"chnl":15,"x":102,"y":227,"page":0},{"id":101,"index":163,"char":"e","width":24,"height":27,"xoffset":-1,"yoffset":11,"xadvance":23,"chnl":15,"x":154,"y":223,"page":0},{"id":110,"index":197,"char":"n","width":23,"height":27,"xoffset":1,"yoffset":11,"xadvance":24,"chnl":15,"x":168,"y":186,"page":0},{"id":111,"index":203,"char":"o","width":25,"height":27,"xoffset":-1,"yoffset":11,"xadvance":24,"chnl":15,"x":159,"y":111,"page":0},{"id":114,"index":216,"char":"r","width":15,"height":27,"xoffset":1,"yoffset":11,"xadvance":14,"chnl":15,"x":234,"y":0,"page":0},{"id":115,"index":220,"char":"s","width":23,"height":27,"xoffset":-1,"yoffset":11,"xadvance":22,"chnl":15,"x":165,"y":74,"page":0},{"id":117,"index":231,"char":"u","width":23,"height":27,"xoffset":0,"yoffset":12,"xadvance":24,"chnl":15,"x":179,"y":214,"page":0},{"id":118,"index":240,"char":"v","width":24,"height":26,"xoffset":-1,"yoffset":12,"xadvance":21,"chnl":15,"x":177,"y":139,"page":0},{"id":120,"index":246,"char":"x","width":22,"height":26,"xoffset":-1,"yoffset":12,"xadvance":20,"chnl":15,"x":234,"y":28,"page":0},{"id":122,"index":252,"char":"z","width":24,"height":26,"xoffset":-1,"yoffset":12,"xadvance":23,"chnl":15,"x":203,"y":37,"page":0},{"id":46,"index":621,"char":".","width":9,"height":8,"xoffset":0,"yoffset":30,"xadvance":9,"chnl":15,"x":127,"y":225,"page":0},{"id":32,"index":657,"char":" ","width":0,"height":0,"xoffset":-2,"yoffset":34,"xadvance":11,"chnl":15,"x":39,"y":111,"page":0}],"info":{"face":"ATSURT-LIGHT-1TTF","size":42,"bold":0,"italic":0,"charset":["a","b","c","d","e","f","g","h","i","j","k","l","m","n","o","p","q","r","s","t","u","v","w","x","y","z"," ","A","B","C","D","E","F","G","H","I","J","K","L","M","N","O","P","Q","R","S","T","U","V","W","X","Y","Z",".","∅"],"unicode":1,"stretchH":100,"smooth":1,"aa":1,"padding":[2,2,2,2],"spacing":[0,0]},"common":{"lineHeight":50,"base":34,"scaleW":256,"scaleH":256,"pages":1,"packed":0,"alphaChnl":0,"redChnl":0,"greenChnl":0,"blueChnl":0},"distanceField":{"fieldType":"msdf","distanceRange":4},"kernings":[{"first":97,"second":98,"amount":-1},{"first":97,"second":99,"amount":-1},{"first":97,"second":100,"amount":-1},{"first":97,"second":101,"amount":-1},{"first":97,"second":104,"amount":-1},{"first":97,"second":105,"amount":-1},{"first":97,"second":107,"amount":-1},{"first":97,"second":108,"amount":-1},{"first":97,"second":109,"amount":-1},{"first":97,"second":110,"amount":-1},{"first":97,"second":111,"amount":-1},{"first":97,"second":113,"amount":-1},{"first":97,"second":114,"amount":-1},{"first":97,"second":115,"amount":-1},{"first":97,"second":116,"amount":-1},{"first":97,"second":118,"amount":-2},{"first":97,"second":119,"amount":-2},{"first":97,"second":121,"amount":-2},{"first":97,"second":84,"amount":-5},{"first":97,"second":86,"amount":-2},{"first":97,"second":87,"amount":-1},{"first":97,"second":89,"amount":-5},{"first":98,"second":97,"amount":0},{"first":98,"second":98,"amount":0},{"first":98,"second":99,"amount":1},{"first":98,"second":100,"amount":1},{"first":98,"second":101,"amount":1},{"first":98,"second":103,"amount":0},{"first":98,"second":104,"amount":0},{"first":98,"second":107,"amount":0},{"first":98,"second":108,"amount":0},{"first":98,"second":111,"amount":1},{"first":98,"second":113,"amount":1},{"first":98,"second":117,"amount":0},{"first":98,"second":118,"amount":-1},{"first":98,"second":119,"amount":-1},{"first":98,"second":120,"amount":-1},{"first":98,"second":121,"amount":-1},{"first":98,"second":66,"amount":-1},{"first":98,"second":68,"amount":-1},{"first":98,"second":69,"amount":-1},{"first":98,"second":70,"amount":-1},{"first":98,"second":72,"amount":-1},{"first":98,"second":73,"amount":-1},{"first":98,"second":75,"amount":-1},{"first":98,"second":76,"amount":-1},{"first":98,"second":77,"amount":-1},{"first":98,"second":78,"amount":-1},{"first":98,"second":80,"amount":-1},{"first":98,"second":82,"amount":-1},{"first":98,"second":84,"amount":-6},{"first":98,"second":86,"amount":-4},{"first":98,"second":87,"amount":-1},{"first":98,"second":89,"amount":-4},{"first":99,"second":84,"amount":-5},{"first":99,"second":86,"amount":-1},{"first":99,"second":87,"amount":-1},{"first":99,"second":89,"amount":-4},{"first":100,"second":97,"amount":0},{"first":100,"second":99,"amount":0},{"first":100,"second":100,"amount":0},{"first":100,"second":101,"amount":0},{"first":100,"second":103,"amount":0},{"first":100,"second":105,"amount":0},{"first":100,"second":106,"amount":0},{"first":100,"second":109,"amount":0},{"first":100,"second":110,"amount":0},{"first":100,"second":111,"amount":0},{"first":100,"second":113,"amount":0},{"first":100,"second":114,"amount":0},{"first":100,"second":118,"amount":0},{"first":100,"second":119,"amount":0},{"first":100,"second":121,"amount":0},{"first":101,"second":97,"amount":0},{"first":101,"second":120,"amount":0},{"first":101,"second":66,"amount":0},{"first":101,"second":68,"amount":0},{"first":101,"second":69,"amount":0},{"first":101,"second":70,"amount":0},{"first":101,"second":72,"amount":0},{"first":101,"second":73,"amount":0},{"first":101,"second":75,"amount":0},{"first":101,"second":76,"amount":0},{"first":101,"second":77,"amount":0},{"first":101,"second":78,"amount":0},{"first":101,"second":80,"amount":0},{"first":101,"second":82,"amount":0},{"first":101,"second":84,"amount":-4},{"first":101,"second":86,"amount":-2},{"first":101,"second":87,"amount":-1},{"first":101,"second":89,"amount":-4},{"first":101,"second":46,"amount":0},{"first":102,"second":99,"amount":-1},{"first":102,"second":100,"amount":-1},{"first":102,"second":101,"amount":-1},{"first":102,"second":103,"amount":-1},{"first":102,"second":111,"amount":-1},{"first":102,"second":113,"amount":-1},{"first":102,"second":116,"amount":0},{"first":102,"second":65,"amount":-3},{"first":102,"second":74,"amount":-3},{"first":102,"second":46,"amount":-3},{"first":103,"second":99,"amount":0},{"first":103,"second":100,"amount":0},{"first":103,"second":101,"amount":0},{"first":103,"second":111,"amount":0},{"first":103,"second":113,"amount":0},{"first":103,"second":89,"amount":0},{"first":104,"second":97,"amount":0},{"first":104,"second":118,"amount":-1},{"first":104,"second":119,"amount":-1},{"first":104,"second":121,"amount":-1},{"first":104,"second":84,"amount":-5},{"first":104,"second":86,"amount":-2},{"first":104,"second":87,"amount":-1},{"first":104,"second":89,"amount":-4},{"first":106,"second":97,"amount":0},{"first":107,"second":99,"amount":-1},{"first":107,"second":100,"amount":-1},{"first":107,"second":101,"amount":-1},{"first":107,"second":103,"amount":-1},{"first":107,"second":105,"amount":-1},{"first":107,"second":109,"amount":-1},{"first":107,"second":110,"amount":-1},{"first":107,"second":111,"amount":-1},{"first":107,"second":113,"amount":-1},{"first":107,"second":114,"amount":-1},{"first":107,"second":117,"amount":0},{"first":107,"second":89,"amount":0},{"first":108,"second":97,"amount":0},{"first":108,"second":99,"amount":0},{"first":108,"second":100,"amount":0},{"first":108,"second":101,"amount":0},{"first":108,"second":103,"amount":0},{"first":108,"second":105,"amount":0},{"first":108,"second":106,"amount":0},{"first":108,"second":109,"amount":0},{"first":108,"second":110,"amount":0},{"first":108,"second":111,"amount":0},{"first":108,"second":113,"amount":0},{"first":108,"second":114,"amount":0},{"first":108,"second":118,"amount":0},{"first":108,"second":119,"amount":0},{"first":108,"second":121,"amount":0},{"first":109,"second":97,"amount":0},{"first":109,"second":118,"amount":-1},{"first":109,"second":119,"amount":-1},{"first":109,"second":121,"amount":-1},{"first":109,"second":84,"amount":-5},{"first":109,"second":86,"amount":-2},{"first":109,"second":87,"amount":-1},{"first":109,"second":89,"amount":-4},{"first":110,"second":97,"amount":0},{"first":110,"second":118,"amount":-1},{"first":110,"second":119,"amount":-1},{"first":110,"second":121,"amount":-1},{"first":110,"second":84,"amount":-5},{"first":110,"second":86,"amount":-2},{"first":110,"second":87,"amount":-1},{"first":110,"second":89,"amount":-4},{"first":111,"second":97,"amount":0},{"first":111,"second":98,"amount":0},{"first":111,"second":99,"amount":1},{"first":111,"second":100,"amount":1},{"first":111,"second":101,"amount":1},{"first":111,"second":103,"amount":0},{"first":111,"second":104,"amount":0},{"first":111,"second":107,"amount":0},{"first":111,"second":108,"amount":0},{"first":111,"second":111,"amount":1},{"first":111,"second":113,"amount":1},{"first":111,"second":117,"amount":0},{"first":111,"second":118,"amount":-1},{"first":111,"second":119,"amount":-1},{"first":111,"second":120,"amount":-1},{"first":111,"second":121,"amount":-1},{"first":111,"second":66,"amount":-1},{"first":111,"second":68,"amount":-1},{"first":111,"second":69,"amount":-1},{"first":111,"second":70,"amount":-1},{"first":111,"second":72,"amount":-1},{"first":111,"second":73,"amount":-1},{"first":111,"second":75,"amount":-1},{"first":111,"second":76,"amount":-1},{"first":111,"second":77,"amount":-1},{"first":111,"second":78,"amount":-1},{"first":111,"second":80,"amount":-1},{"first":111,"second":82,"amount":-1},{"first":111,"second":84,"amount":-6},{"first":111,"second":86,"amount":-4},{"first":111,"second":87,"amount":-1},{"first":111,"second":89,"amount":-4},{"first":112,"second":97,"amount":0},{"first":112,"second":98,"amount":0},{"first":112,"second":99,"amount":1},{"first":112,"second":100,"amount":1},{"first":112,"second":101,"amount":1},{"first":112,"second":103,"amount":0},{"first":112,"second":104,"amount":0},{"first":112,"second":107,"amount":0},{"first":112,"second":108,"amount":0},{"first":112,"second":111,"amount":1},{"first":112,"second":113,"amount":1},{"first":112,"second":117,"amount":0},{"first":112,"second":118,"amount":-1},{"first":112,"second":119,"amount":-1},{"first":112,"second":120,"amount":-1},{"first":112,"second":121,"amount":-1},{"first":112,"second":66,"amount":-1},{"first":112,"second":68,"amount":-1},{"first":112,"second":69,"amount":-1},{"first":112,"second":70,"amount":-1},{"first":112,"second":72,"amount":-1},{"first":112,"second":73,"amount":-1},{"first":112,"second":75,"amount":-1},{"first":112,"second":76,"amount":-1},{"first":112,"second":77,"amount":-1},{"first":112,"second":78,"amount":-1},{"first":112,"second":80,"amount":-1},{"first":112,"second":82,"amount":-1},{"first":112,"second":84,"amount":-6},{"first":112,"second":86,"amount":-4},{"first":112,"second":87,"amount":-1},{"first":112,"second":89,"amount":-4},{"first":113,"second":89,"amount":0},{"first":114,"second":99,"amount":-1},{"first":114,"second":100,"amount":-1},{"first":114,"second":101,"amount":-1},{"first":114,"second":111,"amount":-1},{"first":114,"second":113,"amount":-1},{"first":114,"second":65,"amount":-3},{"first":114,"second":74,"amount":-4},{"first":114,"second":88,"amount":-1},{"first":114,"second":89,"amount":0},{"first":114,"second":46,"amount":-5},{"first":115,"second":97,"amount":0},{"first":115,"second":105,"amount":0},{"first":115,"second":109,"amount":0},{"first":115,"second":110,"amount":0},{"first":115,"second":114,"amount":0},{"first":115,"second":115,"amount":0},{"first":115,"second":116,"amount":-1},{"first":115,"second":65,"amount":-1},{"first":115,"second":84,"amount":-5},{"first":115,"second":86,"amount":-1},{"first":115,"second":87,"amount":-1},{"first":115,"second":89,"amount":-4},{"first":116,"second":97,"amount":0},{"first":116,"second":99,"amount":0},{"first":116,"second":100,"amount":0},{"first":116,"second":101,"amount":0},{"first":116,"second":102,"amount":1},{"first":116,"second":103,"amount":0},{"first":116,"second":106,"amount":1},{"first":116,"second":111,"amount":0},{"first":116,"second":113,"amount":0},{"first":116,"second":115,"amount":0},{"first":116,"second":65,"amount":-3},{"first":116,"second":74,"amount":-3},{"first":116,"second":84,"amount":-7},{"first":116,"second":86,"amount":-2},{"first":116,"second":88,"amount":-1},{"first":116,"second":89,"amount":0},{"first":117,"second":97,"amount":0},{"first":117,"second":99,"amount":0},{"first":117,"second":100,"amount":0},{"first":117,"second":101,"amount":0},{"first":117,"second":111,"amount":0},{"first":117,"second":113,"amount":0},{"first":117,"second":87,"amount":0},{"first":117,"second":89,"amount":0},{"first":118,"second":97,"amount":-1},{"first":118,"second":99,"amount":-1},{"first":118,"second":100,"amount":-1},{"first":118,"second":101,"amount":-1},{"first":118,"second":111,"amount":-1},{"first":118,"second":113,"amount":-1},{"first":118,"second":115,"amount":-1},{"first":118,"second":65,"amount":-2},{"first":118,"second":84,"amount":-1},{"first":118,"second":88,"amount":-1},{"first":118,"second":89,"amount":0},{"first":118,"second":46,"amount":-2},{"first":119,"second":97,"amount":-1},{"first":119,"second":99,"amount":-1},{"first":119,"second":100,"amount":-1},{"first":119,"second":101,"amount":-1},{"first":119,"second":111,"amount":-1},{"first":119,"second":113,"amount":-1},{"first":119,"second":115,"amount":-1},{"first":119,"second":65,"amount":-2},{"first":119,"second":84,"amount":-1},{"first":119,"second":88,"amount":-1},{"first":119,"second":89,"amount":0},{"first":119,"second":46,"amount":-2},{"first":120,"second":99,"amount":-1},{"first":120,"second":100,"amount":-1},{"first":120,"second":101,"amount":-1},{"first":120,"second":111,"amount":-1},{"first":120,"second":113,"amount":-1},{"first":120,"second":89,"amount":-2},{"first":121,"second":97,"amount":-1},{"first":121,"second":99,"amount":-1},{"first":121,"second":100,"amount":-1},{"first":121,"second":101,"amount":-1},{"first":121,"second":111,"amount":-1},{"first":121,"second":113,"amount":-1},{"first":121,"second":115,"amount":-1},{"first":121,"second":65,"amount":-2},{"first":121,"second":84,"amount":-1},{"first":121,"second":88,"amount":-1},{"first":121,"second":89,"amount":0},{"first":121,"second":46,"amount":-2},{"first":122,"second":89,"amount":0},{"first":65,"second":99,"amount":-2},{"first":65,"second":100,"amount":-2},{"first":65,"second":101,"amount":-2},{"first":65,"second":102,"amount":-2},{"first":65,"second":105,"amount":-1},{"first":65,"second":109,"amount":-1},{"first":65,"second":110,"amount":-1},{"first":65,"second":111,"amount":-2},{"first":65,"second":113,"amount":-2},{"first":65,"second":114,"amount":-1},{"first":65,"second":115,"amount":-1},{"first":65,"second":116,"amount":-2},{"first":65,"second":117,"amount":-2},{"first":65,"second":118,"amount":-3},{"first":65,"second":119,"amount":-2},{"first":65,"second":121,"amount":-2},{"first":65,"second":66,"amount":-1},{"first":65,"second":67,"amount":-1},{"first":65,"second":68,"amount":-1},{"first":65,"second":69,"amount":-1},{"first":65,"second":70,"amount":-1},{"first":65,"second":71,"amount":-1},{"first":65,"second":72,"amount":-1},{"first":65,"second":73,"amount":-1},{"first":65,"second":75,"amount":-1},{"first":65,"second":76,"amount":-1},{"first":65,"second":77,"amount":-1},{"first":65,"second":78,"amount":-1},{"first":65,"second":79,"amount":-1},{"first":65,"second":80,"amount":-1},{"first":65,"second":81,"amount":-1},{"first":65,"second":82,"amount":-1},{"first":65,"second":83,"amount":-1},{"first":65,"second":84,"amount":-3},{"first":65,"second":85,"amount":-2},{"first":65,"second":86,"amount":-4},{"first":65,"second":87,"amount":-4},{"first":65,"second":89,"amount":-6},{"first":66,"second":84,"amount":-2},{"first":66,"second":89,"amount":-2},{"first":67,"second":99,"amount":-1},{"first":67,"second":100,"amount":-1},{"first":67,"second":101,"amount":-1},{"first":67,"second":111,"amount":-1},{"first":67,"second":113,"amount":-1},{"first":67,"second":65,"amount":-2},{"first":67,"second":66,"amount":-1},{"first":67,"second":68,"amount":-1},{"first":67,"second":69,"amount":-1},{"first":67,"second":70,"amount":-1},{"first":67,"second":72,"amount":-1},{"first":67,"second":73,"amount":-1},{"first":67,"second":75,"amount":-1},{"first":67,"second":76,"amount":-1},{"first":67,"second":77,"amount":-1},{"first":67,"second":78,"amount":-1},{"first":67,"second":80,"amount":-1},{"first":67,"second":82,"amount":-1},{"first":67,"second":89,"amount":-2},{"first":68,"second":97,"amount":-1},{"first":68,"second":65,"amount":-1},{"first":68,"second":66,"amount":-1},{"first":68,"second":68,"amount":-1},{"first":68,"second":69,"amount":-1},{"first":68,"second":70,"amount":-1},{"first":68,"second":72,"amount":-1},{"first":68,"second":73,"amount":-1},{"first":68,"second":75,"amount":-1},{"first":68,"second":76,"amount":-1},{"first":68,"second":77,"amount":-1},{"first":68,"second":78,"amount":-1},{"first":68,"second":80,"amount":-1},{"first":68,"second":82,"amount":-1},{"first":68,"second":84,"amount":-2},{"first":68,"second":86,"amount":-2},{"first":68,"second":88,"amount":-1},{"first":68,"second":89,"amount":-1},{"first":68,"second":46,"amount":-2},{"first":69,"second":99,"amount":-2},{"first":69,"second":100,"amount":-2},{"first":69,"second":101,"amount":-2},{"first":69,"second":102,"amount":-1},{"first":69,"second":105,"amount":-1},{"first":69,"second":109,"amount":-1},{"first":69,"second":110,"amount":-1},{"first":69,"second":111,"amount":-2},{"first":69,"second":113,"amount":-2},{"first":69,"second":114,"amount":-1},{"first":69,"second":115,"amount":-2},{"first":69,"second":116,"amount":-2},{"first":69,"second":117,"amount":-1},{"first":69,"second":118,"amount":-3},{"first":69,"second":119,"amount":-1},{"first":69,"second":121,"amount":-1},{"first":69,"second":66,"amount":-2},{"first":69,"second":67,"amount":-2},{"first":69,"second":68,"amount":-2},{"first":69,"second":69,"amount":-2},{"first":69,"second":70,"amount":-2},{"first":69,"second":71,"amount":-2},{"first":69,"second":72,"amount":-2},{"first":69,"second":73,"amount":-2},{"first":69,"second":74,"amount":-2},{"first":69,"second":75,"amount":-2},{"first":69,"second":76,"amount":-2},{"first":69,"second":77,"amount":-2},{"first":69,"second":78,"amount":-2},{"first":69,"second":79,"amount":-2},{"first":69,"second":80,"amount":-2},{"first":69,"second":81,"amount":-2},{"first":69,"second":82,"amount":-2},{"first":69,"second":83,"amount":-3},{"first":69,"second":84,"amount":-1},{"first":69,"second":85,"amount":-1},{"first":69,"second":86,"amount":-1},{"first":69,"second":87,"amount":-1},{"first":69,"second":88,"amount":-1},{"first":69,"second":89,"amount":-1},{"first":70,"second":97,"amount":-3},{"first":70,"second":99,"amount":-2},{"first":70,"second":100,"amount":-2},{"first":70,"second":101,"amount":-2},{"first":70,"second":103,"amount":-1},{"first":70,"second":105,"amount":-1},{"first":70,"second":109,"amount":-1},{"first":70,"second":110,"amount":-1},{"first":70,"second":111,"amount":-2},{"first":70,"second":113,"amount":-2},{"first":70,"second":114,"amount":-1},{"first":70,"second":115,"amount":-2},{"first":70,"second":116,"amount":-1},{"first":70,"second":118,"amount":0},{"first":70,"second":119,"amount":0},{"first":70,"second":121,"amount":0},{"first":70,"second":65,"amount":-3},{"first":70,"second":67,"amount":-1},{"first":70,"second":71,"amount":-1},{"first":70,"second":74,"amount":-5},{"first":70,"second":79,"amount":-1},{"first":70,"second":81,"amount":-1},{"first":70,"second":88,"amount":-2},{"first":70,"second":46,"amount":-5},{"first":70,"second":8709,"amount":-2},{"first":71,"second":97,"amount":-1},{"first":71,"second":118,"amount":-1},{"first":71,"second":119,"amount":-1},{"first":71,"second":121,"amount":-1},{"first":71,"second":65,"amount":-2},{"first":71,"second":66,"amount":-2},{"first":71,"second":67,"amount":-1},{"first":71,"second":68,"amount":-2},{"first":71,"second":69,"amount":-2},{"first":71,"second":70,"amount":-2},{"first":71,"second":71,"amount":-1},{"first":71,"second":72,"amount":-2},{"first":71,"second":73,"amount":-2},{"first":71,"second":75,"amount":-2},{"first":71,"second":76,"amount":-2},{"first":71,"second":77,"amount":-2},{"first":71,"second":78,"amount":-2},{"first":71,"second":79,"amount":-1},{"first":71,"second":80,"amount":-2},{"first":71,"second":81,"amount":-1},{"first":71,"second":82,"amount":-2},{"first":71,"second":84,"amount":-1},{"first":71,"second":86,"amount":-1},{"first":71,"second":89,"amount":-2},{"first":72,"second":97,"amount":-1},{"first":72,"second":99,"amount":-1},{"first":72,"second":100,"amount":-1},{"first":72,"second":101,"amount":-1},{"first":72,"second":111,"amount":-1},{"first":72,"second":113,"amount":-1},{"first":72,"second":65,"amount":-1},{"first":72,"second":67,"amount":0},{"first":72,"second":71,"amount":0},{"first":72,"second":79,"amount":0},{"first":72,"second":81,"amount":0},{"first":72,"second":83,"amount":-1},{"first":73,"second":97,"amount":-1},{"first":73,"second":99,"amount":-1},{"first":73,"second":100,"amount":-1},{"first":73,"second":101,"amount":-1},{"first":73,"second":111,"amount":-1},{"first":73,"second":113,"amount":-1},{"first":73,"second":65,"amount":-1},{"first":73,"second":67,"amount":0},{"first":73,"second":71,"amount":0},{"first":73,"second":79,"amount":0},{"first":73,"second":81,"amount":0},{"first":73,"second":83,"amount":-1},{"first":74,"second":97,"amount":-1},{"first":74,"second":99,"amount":-1},{"first":74,"second":100,"amount":-1},{"first":74,"second":101,"amount":-1},{"first":74,"second":111,"amount":-1},{"first":74,"second":113,"amount":-1},{"first":74,"second":65,"amount":-1},{"first":74,"second":67,"amount":0},{"first":74,"second":71,"amount":0},{"first":74,"second":79,"amount":0},{"first":74,"second":81,"amount":0},{"first":74,"second":83,"amount":-1},{"first":75,"second":97,"amount":-2},{"first":75,"second":99,"amount":-1},{"first":75,"second":100,"amount":-1},{"first":75,"second":101,"amount":-1},{"first":75,"second":102,"amount":-1},{"first":75,"second":111,"amount":-1},{"first":75,"second":113,"amount":-1},{"first":75,"second":116,"amount":-1},{"first":75,"second":117,"amount":-2},{"first":75,"second":118,"amount":-2},{"first":75,"second":119,"amount":-2},{"first":75,"second":121,"amount":-2},{"first":75,"second":67,"amount":0},{"first":75,"second":71,"amount":-1},{"first":75,"second":79,"amount":-2},{"first":75,"second":81,"amount":-1},{"first":75,"second":83,"amount":-2},{"first":76,"second":102,"amount":-1},{"first":76,"second":116,"amount":-1},{"first":76,"second":118,"amount":-2},{"first":76,"second":119,"amount":-2},{"first":76,"second":121,"amount":-2},{"first":76,"second":67,"amount":-2},{"first":76,"second":71,"amount":-2},{"first":76,"second":79,"amount":-2},{"first":76,"second":81,"amount":-2},{"first":76,"second":84,"amount":-5},{"first":76,"second":85,"amount":-1},{"first":76,"second":86,"amount":-6},{"first":76,"second":87,"amount":-5},{"first":76,"second":89,"amount":-7},{"first":77,"second":97,"amount":-1},{"first":77,"second":99,"amount":-1},{"first":77,"second":100,"amount":-1},{"first":77,"second":101,"amount":-1},{"first":77,"second":111,"amount":-1},{"first":77,"second":113,"amount":-1},{"first":77,"second":65,"amount":-1},{"first":77,"second":67,"amount":0},{"first":77,"second":71,"amount":0},{"first":77,"second":79,"amount":0},{"first":77,"second":81,"amount":0},{"first":77,"second":83,"amount":-1},{"first":78,"second":97,"amount":-1},{"first":78,"second":99,"amount":-1},{"first":78,"second":100,"amount":-1},{"first":78,"second":101,"amount":-1},{"first":78,"second":111,"amount":-1},{"first":78,"second":113,"amount":-1},{"first":78,"second":65,"amount":-1},{"first":78,"second":67,"amount":0},{"first":78,"second":71,"amount":0},{"first":78,"second":79,"amount":0},{"first":78,"second":81,"amount":0},{"first":78,"second":83,"amount":-1},{"first":79,"second":97,"amount":-1},{"first":79,"second":65,"amount":-1},{"first":79,"second":66,"amount":-1},{"first":79,"second":68,"amount":-1},{"first":79,"second":69,"amount":-1},{"first":79,"second":70,"amount":-1},{"first":79,"second":72,"amount":-1},{"first":79,"second":73,"amount":-1},{"first":79,"second":75,"amount":-1},{"first":79,"second":76,"amount":-1},{"first":79,"second":77,"amount":-1},{"first":79,"second":78,"amount":-1},{"first":79,"second":80,"amount":-1},{"first":79,"second":82,"amount":-1},{"first":79,"second":84,"amount":-2},{"first":79,"second":86,"amount":-2},{"first":79,"second":88,"amount":-1},{"first":79,"second":89,"amount":-1},{"first":79,"second":46,"amount":-2},{"first":80,"second":97,"amount":-2},{"first":80,"second":99,"amount":-2},{"first":80,"second":100,"amount":-2},{"first":80,"second":101,"amount":-2},{"first":80,"second":111,"amount":-2},{"first":80,"second":113,"amount":-2},{"first":80,"second":116,"amount":0},{"first":80,"second":65,"amount":-5},{"first":80,"second":74,"amount":-4},{"first":80,"second":46,"amount":-7},{"first":81,"second":89,"amount":-1},{"first":82,"second":97,"amount":-1},{"first":82,"second":99,"amount":-1},{"first":82,"second":100,"amount":-1},{"first":82,"second":101,"amount":-1},{"first":82,"second":105,"amount":0},{"first":82,"second":109,"amount":0},{"first":82,"second":110,"amount":0},{"first":82,"second":111,"amount":-1},{"first":82,"second":113,"amount":-1},{"first":82,"second":114,"amount":0},{"first":82,"second":67,"amount":-1},{"first":82,"second":71,"amount":-1},{"first":82,"second":79,"amount":-1},{"first":82,"second":81,"amount":-1},{"first":82,"second":83,"amount":-1},{"first":82,"second":89,"amount":-1},{"first":83,"second":97,"amount":0},{"first":83,"second":103,"amount":0},{"first":83,"second":117,"amount":0},{"first":83,"second":65,"amount":-1},{"first":83,"second":83,"amount":-1},{"first":83,"second":86,"amount":-1},{"first":83,"second":88,"amount":-2},{"first":83,"second":89,"amount":-2},{"first":84,"second":97,"amount":-4},{"first":84,"second":99,"amount":-6},{"first":84,"second":100,"amount":-6},{"first":84,"second":101,"amount":-6},{"first":84,"second":103,"amount":-6},{"first":84,"second":105,"amount":-1},{"first":84,"second":109,"amount":-1},{"first":84,"second":110,"amount":-1},{"first":84,"second":111,"amount":-6},{"first":84,"second":112,"amount":-4},{"first":84,"second":113,"amount":-6},{"first":84,"second":114,"amount":-1},{"first":84,"second":115,"amount":-5},{"first":84,"second":116,"amount":-2},{"first":84,"second":117,"amount":-2},{"first":84,"second":118,"amount":-2},{"first":84,"second":119,"amount":-2},{"first":84,"second":121,"amount":-2},{"first":84,"second":65,"amount":-3},{"first":84,"second":67,"amount":-2},{"first":84,"second":71,"amount":-2},{"first":84,"second":74,"amount":-4},{"first":84,"second":79,"amount":-2},{"first":84,"second":81,"amount":-2},{"first":84,"second":86,"amount":1},{"first":84,"second":87,"amount":1},{"first":84,"second":88,"amount":1},{"first":84,"second":89,"amount":1},{"first":84,"second":46,"amount":-5},{"first":84,"second":8709,"amount":-5},{"first":85,"second":65,"amount":-2},{"first":85,"second":46,"amount":-1},{"first":86,"second":97,"amount":-3},{"first":86,"second":99,"amount":-2},{"first":86,"second":100,"amount":-2},{"first":86,"second":101,"amount":-4},{"first":86,"second":103,"amount":-2},{"first":86,"second":105,"amount":-2},{"first":86,"second":109,"amount":-2},{"first":86,"second":110,"amount":-2},{"first":86,"second":111,"amount":-4},{"first":86,"second":112,"amount":-3},{"first":86,"second":113,"amount":-2},{"first":86,"second":114,"amount":-2},{"first":86,"second":115,"amount":-1},{"first":86,"second":116,"amount":-2},{"first":86,"second":117,"amount":-1},{"first":86,"second":65,"amount":-4},{"first":86,"second":67,"amount":-2},{"first":86,"second":71,"amount":-2},{"first":86,"second":74,"amount":-4},{"first":86,"second":79,"amount":-2},{"first":86,"second":81,"amount":-2},{"first":86,"second":83,"amount":-1},{"first":86,"second":84,"amount":1},{"first":86,"second":46,"amount":-5},{"first":86,"second":8709,"amount":-1},{"first":87,"second":97,"amount":-2},{"first":87,"second":99,"amount":-1},{"first":87,"second":100,"amount":-1},{"first":87,"second":101,"amount":-3},{"first":87,"second":103,"amount":-3},{"first":87,"second":105,"amount":0},{"first":87,"second":109,"amount":0},{"first":87,"second":110,"amount":0},{"first":87,"second":111,"amount":-3},{"first":87,"second":112,"amount":-1},{"first":87,"second":113,"amount":-1},{"first":87,"second":114,"amount":0},{"first":87,"second":115,"amount":-1},{"first":87,"second":117,"amount":-1},{"first":87,"second":65,"amount":-4},{"first":87,"second":74,"amount":-3},{"first":87,"second":84,"amount":1},{"first":87,"second":46,"amount":-5},{"first":87,"second":8709,"amount":-1},{"first":88,"second":97,"amount":-1},{"first":88,"second":99,"amount":-2},{"first":88,"second":100,"amount":-2},{"first":88,"second":101,"amount":-2},{"first":88,"second":102,"amount":-1},{"first":88,"second":111,"amount":-2},{"first":88,"second":113,"amount":-2},{"first":88,"second":116,"amount":-1},{"first":88,"second":118,"amount":-1},{"first":88,"second":119,"amount":-1},{"first":88,"second":121,"amount":-1},{"first":88,"second":67,"amount":-1},{"first":88,"second":71,"amount":-1},{"first":88,"second":79,"amount":-1},{"first":88,"second":81,"amount":-1},{"first":88,"second":83,"amount":-2},{"first":88,"second":86,"amount":1},{"first":89,"second":97,"amount":-5},{"first":89,"second":99,"amount":-4},{"first":89,"second":100,"amount":-5},{"first":89,"second":101,"amount":-4},{"first":89,"second":102,"amount":0},{"first":89,"second":103,"amount":-6},{"first":89,"second":105,"amount":-3},{"first":89,"second":109,"amount":-3},{"first":89,"second":110,"amount":-3},{"first":89,"second":111,"amount":-5},{"first":89,"second":112,"amount":-4},{"first":89,"second":113,"amount":-4},{"first":89,"second":114,"amount":-3},{"first":89,"second":115,"amount":-3},{"first":89,"second":116,"amount":-3},{"first":89,"second":117,"amount":-3},{"first":89,"second":118,"amount":-3},{"first":89,"second":119,"amount":-3},{"first":89,"second":120,"amount":-2},{"first":89,"second":121,"amount":0},{"first":89,"second":122,"amount":-4},{"first":89,"second":65,"amount":-6},{"first":89,"second":67,"amount":-2},{"first":89,"second":71,"amount":-2},{"first":89,"second":74,"amount":-5},{"first":89,"second":79,"amount":-2},{"first":89,"second":81,"amount":-1},{"first":89,"second":83,"amount":-2},{"first":89,"second":84,"amount":1},{"first":89,"second":46,"amount":-5},{"first":89,"second":8709,"amount":-3},{"first":90,"second":102,"amount":0},{"first":90,"second":116,"amount":0},{"first":90,"second":118,"amount":0},{"first":90,"second":119,"amount":0},{"first":90,"second":121,"amount":0}]}