{"pages":["OPENSAUCESANS-BOLDTTF.png"],"chars":[{"id":87,"index":98,"char":"W","width":49,"height":36,"xoffset":-1,"yoffset":2,"xadvance":47,"chnl":15,"x":0,"y":0,"page":0},{"id":106,"index":157,"char":"j","width":15,"height":45,"xoffset":-4,"yoffset":1,"xadvance":11,"chnl":15,"x":0,"y":37,"page":0},{"id":81,"index":73,"char":"Q","width":35,"height":40,"xoffset":0,"yoffset":1,"xadvance":35,"chnl":15,"x":0,"y":83,"page":0},{"id":119,"index":211,"char":"w","width":38,"height":28,"xoffset":-1,"yoffset":10,"xadvance":35,"chnl":15,"x":16,"y":37,"page":0},{"id":98,"index":124,"char":"b","width":27,"height":37,"xoffset":1,"yoffset":2,"xadvance":27,"chnl":15,"x":0,"y":124,"page":0},{"id":100,"index":130,"char":"d","width":27,"height":37,"xoffset":0,"yoffset":2,"xadvance":27,"chnl":15,"x":0,"y":162,"page":0},{"id":103,"index":143,"char":"g","width":27,"height":37,"xoffset":0,"yoffset":10,"xadvance":27,"chnl":15,"x":0,"y":200,"page":0},{"id":105,"index":148,"char":"i","width":11,"height":37,"xoffset":0,"yoffset":1,"xadvance":11,"chnl":15,"x":28,"y":124,"page":0},{"id":109,"index":167,"char":"m","width":37,"height":28,"xoffset":1,"yoffset":10,"xadvance":38,"chnl":15,"x":50,"y":0,"page":0},{"id":112,"index":184,"char":"p","width":27,"height":37,"xoffset":1,"yoffset":10,"xadvance":27,"chnl":15,"x":36,"y":66,"page":0},{"id":113,"index":186,"char":"q","width":30,"height":37,"xoffset":0,"yoffset":10,"xadvance":27,"chnl":15,"x":28,"y":162,"page":0},{"id":67,"index":14,"char":"C","width":33,"height":37,"xoffset":0,"yoffset":1,"xadvance":32,"chnl":15,"x":28,"y":200,"page":0},{"id":71,"index":33,"char":"G","width":34,"height":37,"xoffset":0,"yoffset":1,"xadvance":34,"chnl":15,"x":40,"y":104,"page":0},{"id":77,"index":54,"char":"M","width":37,"height":36,"xoffset":1,"yoffset":2,"xadvance":39,"chnl":15,"x":55,"y":29,"page":0},{"id":79,"index":60,"char":"O","width":35,"height":37,"xoffset":0,"yoffset":1,"xadvance":34,"chnl":15,"x":64,"y":66,"page":0},{"id":83,"index":78,"char":"S","width":30,"height":37,"xoffset":-1,"yoffset":1,"xadvance":29,"chnl":15,"x":59,"y":142,"page":0},{"id":85,"index":88,"char":"U","width":30,"height":37,"xoffset":1,"yoffset":2,"xadvance":31,"chnl":15,"x":75,"y":104,"page":0},{"id":102,"index":142,"char":"f","width":18,"height":36,"xoffset":-1,"yoffset":2,"xadvance":15,"chnl":15,"x":93,"y":0,"page":0},{"id":104,"index":147,"char":"h","width":24,"height":36,"xoffset":1,"yoffset":2,"xadvance":25,"chnl":15,"x":100,"y":37,"page":0},{"id":107,"index":159,"char":"k","width":26,"height":36,"xoffset":1,"yoffset":2,"xadvance":25,"chnl":15,"x":112,"y":0,"page":0},{"id":108,"index":162,"char":"l","width":13,"height":36,"xoffset":0,"yoffset":2,"xadvance":13,"chnl":15,"x":62,"y":180,"page":0},{"id":116,"index":197,"char":"t","width":18,"height":36,"xoffset":-1,"yoffset":2,"xadvance":16,"chnl":15,"x":62,"y":217,"page":0},{"id":121,"index":217,"char":"y","width":27,"height":36,"xoffset":-2,"yoffset":10,"xadvance":24,"chnl":15,"x":76,"y":180,"page":0},{"id":65,"index":2,"char":"A","width":33,"height":36,"xoffset":-2,"yoffset":2,"xadvance":30,"chnl":15,"x":90,"y":142,"page":0},{"id":66,"index":13,"char":"B","width":29,"height":36,"xoffset":1,"yoffset":2,"xadvance":29,"chnl":15,"x":81,"y":217,"page":0},{"id":68,"index":19,"char":"D","width":30,"height":36,"xoffset":1,"yoffset":2,"xadvance":31,"chnl":15,"x":104,"y":179,"page":0},{"id":69,"index":23,"char":"E","width":25,"height":36,"xoffset":1,"yoffset":2,"xadvance":26,"chnl":15,"x":111,"y":216,"page":0},{"id":70,"index":32,"char":"F","width":25,"height":36,"xoffset":1,"yoffset":2,"xadvance":25,"chnl":15,"x":106,"y":74,"page":0},{"id":72,"index":37,"char":"H","width":30,"height":36,"xoffset":1,"yoffset":2,"xadvance":32,"chnl":15,"x":125,"y":37,"page":0},{"id":73,"index":38,"char":"I","width":10,"height":36,"xoffset":1,"yoffset":2,"xadvance":12,"chnl":15,"x":139,"y":0,"page":0},{"id":74,"index":46,"char":"J","width":17,"height":36,"xoffset":-2,"yoffset":2,"xadvance":17,"chnl":15,"x":150,"y":0,"page":0},{"id":75,"index":47,"char":"K","width":29,"height":36,"xoffset":1,"yoffset":2,"xadvance":28,"chnl":15,"x":124,"y":111,"page":0},{"id":76,"index":49,"char":"L","width":24,"height":36,"xoffset":1,"yoffset":2,"xadvance":23,"chnl":15,"x":132,"y":74,"page":0},{"id":78,"index":55,"char":"N","width":30,"height":36,"xoffset":1,"yoffset":2,"xadvance":32,"chnl":15,"x":156,"y":37,"page":0},{"id":80,"index":71,"char":"P","width":28,"height":36,"xoffset":1,"yoffset":2,"xadvance":28,"chnl":15,"x":168,"y":0,"page":0},{"id":82,"index":74,"char":"R","width":29,"height":36,"xoffset":1,"yoffset":2,"xadvance":29,"chnl":15,"x":197,"y":0,"page":0},{"id":84,"index":84,"char":"T","width":30,"height":36,"xoffset":-2,"yoffset":2,"xadvance":26,"chnl":15,"x":135,"y":148,"page":0},{"id":86,"index":97,"char":"V","width":33,"height":36,"xoffset":-2,"yoffset":2,"xadvance":29,"chnl":15,"x":154,"y":111,"page":0},{"id":88,"index":103,"char":"X","width":34,"height":36,"xoffset":-2,"yoffset":2,"xadvance":30,"chnl":15,"x":157,"y":74,"page":0},{"id":89,"index":104,"char":"Y","width":34,"height":36,"xoffset":-2,"yoffset":2,"xadvance":29,"chnl":15,"x":187,"y":37,"page":0},{"id":90,"index":109,"char":"Z","width":28,"height":36,"xoffset":-1,"yoffset":2,"xadvance":26,"chnl":15,"x":227,"y":0,"page":0},{"id":97,"index":113,"char":"a","width":25,"height":29,"xoffset":0,"yoffset":10,"xadvance":25,"chnl":15,"x":135,"y":185,"page":0},{"id":99,"index":125,"char":"c","width":27,"height":29,"xoffset":0,"yoffset":10,"xadvance":26,"chnl":15,"x":222,"y":37,"page":0},{"id":101,"index":133,"char":"e","width":28,"height":29,"xoffset":0,"yoffset":10,"xadvance":27,"chnl":15,"x":222,"y":67,"page":0},{"id":111,"index":173,"char":"o","width":28,"height":29,"xoffset":0,"yoffset":10,"xadvance":27,"chnl":15,"x":192,"y":74,"page":0},{"id":115,"index":191,"char":"s","width":25,"height":29,"xoffset":-1,"yoffset":10,"xadvance":24,"chnl":15,"x":221,"y":97,"page":0},{"id":110,"index":168,"char":"n","width":24,"height":28,"xoffset":1,"yoffset":10,"xadvance":25,"chnl":15,"x":192,"y":104,"page":0},{"id":114,"index":187,"char":"r","width":17,"height":28,"xoffset":1,"yoffset":10,"xadvance":16,"chnl":15,"x":106,"y":111,"page":0},{"id":117,"index":201,"char":"u","width":24,"height":28,"xoffset":0,"yoffset":10,"xadvance":25,"chnl":15,"x":137,"y":215,"page":0},{"id":118,"index":210,"char":"v","width":26,"height":28,"xoffset":-1,"yoffset":10,"xadvance":23,"chnl":15,"x":161,"y":185,"page":0},{"id":120,"index":216,"char":"x","width":27,"height":28,"xoffset":-1,"yoffset":10,"xadvance":24,"chnl":15,"x":166,"y":148,"page":0},{"id":122,"index":222,"char":"z","width":25,"height":28,"xoffset":-1,"yoffset":10,"xadvance":23,"chnl":15,"x":217,"y":127,"page":0},{"id":32,"index":1,"char":" ","width":0,"height":0,"xoffset":-2,"yoffset":34,"xadvance":11,"chnl":15,"x":90,"y":179,"page":0}],"info":{"face":"OPENSAUCESANS-BOLDTTF","size":42,"bold":0,"italic":0,"charset":["a","b","c","d","e","f","g","h","i","j","k","l","m","n","o","p","q","r","s","t","u","v","w","x","y","z"," ","A","B","C","D","E","F","G","H","I","J","K","L","M","N","O","P","Q","R","S","T","U","V","W","X","Y","Z"],"unicode":1,"stretchH":100,"smooth":1,"aa":1,"padding":[2,2,2,2],"spacing":[0,0]},"common":{"lineHeight":42,"base":34,"scaleW":256,"scaleH":256,"pages":1,"packed":0,"alphaChnl":0,"redChnl":0,"greenChnl":0,"blueChnl":0},"distanceField":{"fieldType":"msdf","distanceRange":4},"kernings":[{"first":97,"second":118,"amount":0},{"first":97,"second":84,"amount":-4},{"first":97,"second":86,"amount":-3},{"first":97,"second":87,"amount":-2},{"first":97,"second":89,"amount":-4},{"first":98,"second":102,"amount":-1},{"first":98,"second":116,"amount":-1},{"first":98,"second":118,"amount":0},{"first":98,"second":120,"amount":-1},{"first":98,"second":122,"amount":-1},{"first":98,"second":65,"amount":0},{"first":98,"second":74,"amount":0},{"first":98,"second":84,"amount":-3},{"first":98,"second":86,"amount":-3},{"first":98,"second":87,"amount":-2},{"first":98,"second":88,"amount":-2},{"first":98,"second":89,"amount":-3},{"first":98,"second":90,"amount":-1},{"first":99,"second":118,"amount":0},{"first":99,"second":120,"amount":0},{"first":99,"second":84,"amount":-4},{"first":99,"second":86,"amount":-2},{"first":99,"second":87,"amount":-1},{"first":99,"second":88,"amount":-1},{"first":99,"second":89,"amount":-3},{"first":100,"second":99,"amount":-1},{"first":100,"second":100,"amount":-1},{"first":100,"second":101,"amount":-1},{"first":100,"second":102,"amount":-1},{"first":100,"second":103,"amount":-1},{"first":100,"second":111,"amount":-1},{"first":100,"second":113,"amount":-1},{"first":100,"second":116,"amount":-1},{"first":100,"second":117,"amount":0},{"first":100,"second":119,"amount":0},{"first":100,"second":83,"amount":0},{"first":100,"second":84,"amount":-1},{"first":100,"second":85,"amount":-1},{"first":100,"second":86,"amount":-1},{"first":100,"second":87,"amount":-1},{"first":100,"second":89,"amount":-1},{"first":101,"second":102,"amount":0},{"first":101,"second":116,"amount":0},{"first":101,"second":118,"amount":-1},{"first":101,"second":120,"amount":-1},{"first":101,"second":122,"amount":0},{"first":101,"second":74,"amount":0},{"first":101,"second":84,"amount":-4},{"first":101,"second":86,"amount":-3},{"first":101,"second":87,"amount":-2},{"first":101,"second":88,"amount":-1},{"first":101,"second":89,"amount":-3},{"first":101,"second":90,"amount":0},{"first":102,"second":97,"amount":-1},{"first":102,"second":99,"amount":-1},{"first":102,"second":100,"amount":-1},{"first":102,"second":101,"amount":-1},{"first":102,"second":103,"amount":-1},{"first":102,"second":111,"amount":-1},{"first":102,"second":113,"amount":-1},{"first":102,"second":65,"amount":-2},{"first":102,"second":74,"amount":-1},{"first":104,"second":102,"amount":0},{"first":104,"second":116,"amount":0},{"first":104,"second":118,"amount":0},{"first":104,"second":66,"amount":0},{"first":104,"second":68,"amount":0},{"first":104,"second":69,"amount":0},{"first":104,"second":70,"amount":0},{"first":104,"second":72,"amount":0},{"first":104,"second":75,"amount":0},{"first":104,"second":76,"amount":0},{"first":104,"second":77,"amount":0},{"first":104,"second":78,"amount":0},{"first":104,"second":80,"amount":0},{"first":104,"second":82,"amount":0},{"first":104,"second":84,"amount":-3},{"first":104,"second":86,"amount":-3},{"first":104,"second":87,"amount":-2},{"first":104,"second":89,"amount":-3},{"first":107,"second":97,"amount":0},{"first":107,"second":98,"amount":0},{"first":107,"second":99,"amount":-1},{"first":107,"second":100,"amount":-2},{"first":107,"second":101,"amount":-1},{"first":107,"second":103,"amount":-1},{"first":107,"second":104,"amount":0},{"first":107,"second":107,"amount":0},{"first":107,"second":108,"amount":0},{"first":107,"second":111,"amount":-1},{"first":107,"second":113,"amount":-1},{"first":107,"second":115,"amount":-1},{"first":107,"second":117,"amount":0},{"first":107,"second":67,"amount":0},{"first":107,"second":71,"amount":0},{"first":107,"second":79,"amount":0},{"first":107,"second":81,"amount":0},{"first":107,"second":83,"amount":0},{"first":107,"second":84,"amount":-1},{"first":107,"second":85,"amount":0},{"first":107,"second":86,"amount":-1},{"first":107,"second":87,"amount":-1},{"first":107,"second":89,"amount":-2},{"first":108,"second":99,"amount":-1},{"first":108,"second":100,"amount":-1},{"first":108,"second":101,"amount":-1},{"first":108,"second":102,"amount":-1},{"first":108,"second":103,"amount":-1},{"first":108,"second":111,"amount":-1},{"first":108,"second":113,"amount":-1},{"first":108,"second":116,"amount":-1},{"first":108,"second":117,"amount":0},{"first":108,"second":119,"amount":0},{"first":108,"second":83,"amount":0},{"first":108,"second":84,"amount":-1},{"first":108,"second":85,"amount":-1},{"first":108,"second":86,"amount":-1},{"first":108,"second":87,"amount":-1},{"first":108,"second":89,"amount":-1},{"first":109,"second":102,"amount":0},{"first":109,"second":116,"amount":0},{"first":109,"second":118,"amount":0},{"first":109,"second":66,"amount":0},{"first":109,"second":68,"amount":0},{"first":109,"second":69,"amount":0},{"first":109,"second":70,"amount":0},{"first":109,"second":72,"amount":0},{"first":109,"second":75,"amount":0},{"first":109,"second":76,"amount":0},{"first":109,"second":77,"amount":0},{"first":109,"second":78,"amount":0},{"first":109,"second":80,"amount":0},{"first":109,"second":82,"amount":0},{"first":109,"second":84,"amount":-3},{"first":109,"second":86,"amount":-3},{"first":109,"second":87,"amount":-2},{"first":109,"second":89,"amount":-3},{"first":110,"second":102,"amount":0},{"first":110,"second":116,"amount":0},{"first":110,"second":118,"amount":0},{"first":110,"second":66,"amount":0},{"first":110,"second":68,"amount":0},{"first":110,"second":69,"amount":0},{"first":110,"second":70,"amount":0},{"first":110,"second":72,"amount":0},{"first":110,"second":75,"amount":0},{"first":110,"second":76,"amount":0},{"first":110,"second":77,"amount":0},{"first":110,"second":78,"amount":0},{"first":110,"second":80,"amount":0},{"first":110,"second":82,"amount":0},{"first":110,"second":84,"amount":-3},{"first":110,"second":86,"amount":-3},{"first":110,"second":87,"amount":-2},{"first":110,"second":89,"amount":-3},{"first":111,"second":102,"amount":0},{"first":111,"second":116,"amount":0},{"first":111,"second":118,"amount":-1},{"first":111,"second":120,"amount":-1},{"first":111,"second":122,"amount":0},{"first":111,"second":74,"amount":0},{"first":111,"second":84,"amount":-4},{"first":111,"second":86,"amount":-3},{"first":111,"second":87,"amount":-2},{"first":111,"second":88,"amount":-1},{"first":111,"second":89,"amount":-3},{"first":111,"second":90,"amount":0},{"first":112,"second":102,"amount":-1},{"first":112,"second":116,"amount":-1},{"first":112,"second":118,"amount":0},{"first":112,"second":120,"amount":-1},{"first":112,"second":122,"amount":-1},{"first":112,"second":65,"amount":0},{"first":112,"second":74,"amount":0},{"first":112,"second":84,"amount":-3},{"first":112,"second":86,"amount":-3},{"first":112,"second":87,"amount":-2},{"first":112,"second":88,"amount":-2},{"first":112,"second":89,"amount":-3},{"first":112,"second":90,"amount":-1},{"first":113,"second":84,"amount":-2},{"first":113,"second":86,"amount":-2},{"first":113,"second":87,"amount":-1},{"first":113,"second":89,"amount":-3},{"first":114,"second":97,"amount":0},{"first":114,"second":99,"amount":0},{"first":114,"second":100,"amount":0},{"first":114,"second":101,"amount":0},{"first":114,"second":103,"amount":0},{"first":114,"second":111,"amount":0},{"first":114,"second":113,"amount":0},{"first":114,"second":65,"amount":-2},{"first":114,"second":74,"amount":-3},{"first":114,"second":84,"amount":-1},{"first":114,"second":86,"amount":0},{"first":114,"second":88,"amount":-2},{"first":114,"second":89,"amount":-1},{"first":114,"second":90,"amount":-1},{"first":115,"second":102,"amount":0},{"first":115,"second":116,"amount":0},{"first":115,"second":118,"amount":-1},{"first":115,"second":120,"amount":0},{"first":115,"second":84,"amount":-3},{"first":115,"second":86,"amount":-3},{"first":115,"second":87,"amount":-2},{"first":115,"second":88,"amount":0},{"first":115,"second":89,"amount":-3},{"first":116,"second":99,"amount":0},{"first":116,"second":100,"amount":-1},{"first":116,"second":101,"amount":0},{"first":116,"second":103,"amount":0},{"first":116,"second":111,"amount":0},{"first":116,"second":113,"amount":0},{"first":116,"second":84,"amount":-1},{"first":116,"second":86,"amount":-1},{"first":116,"second":87,"amount":0},{"first":116,"second":89,"amount":-2},{"first":117,"second":84,"amount":-2},{"first":117,"second":86,"amount":-1},{"first":117,"second":87,"amount":-1},{"first":117,"second":89,"amount":-1},{"first":118,"second":97,"amount":-1},{"first":118,"second":99,"amount":-1},{"first":118,"second":100,"amount":-1},{"first":118,"second":101,"amount":-1},{"first":118,"second":103,"amount":-1},{"first":118,"second":111,"amount":-1},{"first":118,"second":113,"amount":-1},{"first":118,"second":115,"amount":0},{"first":118,"second":65,"amount":-2},{"first":118,"second":74,"amount":-3},{"first":118,"second":84,"amount":-1},{"first":118,"second":86,"amount":0},{"first":118,"second":87,"amount":0},{"first":118,"second":88,"amount":-2},{"first":118,"second":89,"amount":-1},{"first":118,"second":90,"amount":-1},{"first":120,"second":97,"amount":0},{"first":120,"second":99,"amount":-1},{"first":120,"second":100,"amount":-1},{"first":120,"second":101,"amount":-1},{"first":120,"second":103,"amount":-1},{"first":120,"second":111,"amount":-1},{"first":120,"second":113,"amount":-1},{"first":120,"second":115,"amount":0},{"first":120,"second":84,"amount":-1},{"first":120,"second":86,"amount":0},{"first":120,"second":87,"amount":0},{"first":120,"second":89,"amount":-2},{"first":122,"second":99,"amount":0},{"first":122,"second":100,"amount":0},{"first":122,"second":101,"amount":0},{"first":122,"second":103,"amount":0},{"first":122,"second":111,"amount":0},{"first":122,"second":113,"amount":0},{"first":122,"second":84,"amount":-2},{"first":122,"second":86,"amount":-1},{"first":122,"second":87,"amount":-1},{"first":122,"second":89,"amount":-2},{"first":65,"second":99,"amount":0},{"first":65,"second":100,"amount":0},{"first":65,"second":101,"amount":0},{"first":65,"second":102,"amount":-1},{"first":65,"second":103,"amount":0},{"first":65,"second":111,"amount":0},{"first":65,"second":113,"amount":0},{"first":65,"second":116,"amount":-1},{"first":65,"second":118,"amount":-2},{"first":65,"second":119,"amount":-1},{"first":65,"second":67,"amount":-1},{"first":65,"second":71,"amount":-1},{"first":65,"second":79,"amount":-1},{"first":65,"second":81,"amount":-1},{"first":65,"second":83,"amount":0},{"first":65,"second":84,"amount":-4},{"first":65,"second":85,"amount":-1},{"first":65,"second":86,"amount":-3},{"first":65,"second":87,"amount":-3},{"first":65,"second":89,"amount":-4},{"first":66,"second":118,"amount":0},{"first":66,"second":120,"amount":0},{"first":66,"second":74,"amount":0},{"first":66,"second":84,"amount":0},{"first":66,"second":86,"amount":-1},{"first":66,"second":87,"amount":-1},{"first":66,"second":88,"amount":-1},{"first":66,"second":89,"amount":-1},{"first":66,"second":90,"amount":0},{"first":67,"second":122,"amount":0},{"first":67,"second":65,"amount":0},{"first":67,"second":74,"amount":0},{"first":67,"second":84,"amount":0},{"first":67,"second":86,"amount":0},{"first":67,"second":88,"amount":-1},{"first":67,"second":89,"amount":-1},{"first":67,"second":90,"amount":0},{"first":68,"second":65,"amount":-1},{"first":68,"second":74,"amount":-1},{"first":68,"second":84,"amount":-1},{"first":68,"second":86,"amount":-1},{"first":68,"second":87,"amount":-1},{"first":68,"second":88,"amount":-2},{"first":68,"second":89,"amount":-2},{"first":68,"second":90,"amount":-1},{"first":69,"second":99,"amount":0},{"first":69,"second":100,"amount":-1},{"first":69,"second":101,"amount":0},{"first":69,"second":102,"amount":0},{"first":69,"second":103,"amount":0},{"first":69,"second":111,"amount":0},{"first":69,"second":113,"amount":0},{"first":69,"second":116,"amount":0},{"first":69,"second":117,"amount":0},{"first":69,"second":118,"amount":-1},{"first":69,"second":119,"amount":0},{"first":69,"second":67,"amount":0},{"first":69,"second":71,"amount":0},{"first":69,"second":79,"amount":0},{"first":69,"second":81,"amount":0},{"first":69,"second":83,"amount":0},{"first":70,"second":97,"amount":-2},{"first":70,"second":99,"amount":-1},{"first":70,"second":100,"amount":-1},{"first":70,"second":101,"amount":-1},{"first":70,"second":102,"amount":0},{"first":70,"second":103,"amount":-1},{"first":70,"second":109,"amount":-1},{"first":70,"second":110,"amount":-1},{"first":70,"second":111,"amount":-1},{"first":70,"second":112,"amount":-1},{"first":70,"second":113,"amount":-1},{"first":70,"second":114,"amount":-1},{"first":70,"second":115,"amount":-1},{"first":70,"second":116,"amount":0},{"first":70,"second":117,"amount":-1},{"first":70,"second":118,"amount":-1},{"first":70,"second":119,"amount":-1},{"first":70,"second":120,"amount":-1},{"first":70,"second":122,"amount":-2},{"first":70,"second":65,"amount":-3},{"first":70,"second":67,"amount":0},{"first":70,"second":71,"amount":0},{"first":70,"second":74,"amount":-3},{"first":70,"second":79,"amount":0},{"first":70,"second":81,"amount":0},{"first":70,"second":83,"amount":0},{"first":71,"second":84,"amount":-1},{"first":71,"second":86,"amount":-1},{"first":71,"second":87,"amount":-1},{"first":71,"second":89,"amount":-2},{"first":74,"second":65,"amount":0},{"first":74,"second":74,"amount":-1},{"first":74,"second":88,"amount":0},{"first":74,"second":90,"amount":0},{"first":75,"second":97,"amount":0},{"first":75,"second":99,"amount":-1},{"first":75,"second":100,"amount":-2},{"first":75,"second":101,"amount":-1},{"first":75,"second":102,"amount":-1},{"first":75,"second":103,"amount":-1},{"first":75,"second":111,"amount":-1},{"first":75,"second":113,"amount":-1},{"first":75,"second":115,"amount":-1},{"first":75,"second":116,"amount":-1},{"first":75,"second":117,"amount":-1},{"first":75,"second":118,"amount":-3},{"first":75,"second":119,"amount":-1},{"first":75,"second":67,"amount":-2},{"first":75,"second":71,"amount":-2},{"first":75,"second":79,"amount":-2},{"first":75,"second":81,"amount":-2},{"first":75,"second":83,"amount":-1},{"first":75,"second":85,"amount":0},{"first":76,"second":99,"amount":0},{"first":76,"second":100,"amount":0},{"first":76,"second":101,"amount":0},{"first":76,"second":102,"amount":-1},{"first":76,"second":103,"amount":0},{"first":76,"second":111,"amount":0},{"first":76,"second":113,"amount":0},{"first":76,"second":116,"amount":-1},{"first":76,"second":118,"amount":-3},{"first":76,"second":119,"amount":-1},{"first":76,"second":67,"amount":-1},{"first":76,"second":71,"amount":-1},{"first":76,"second":79,"amount":-1},{"first":76,"second":81,"amount":-1},{"first":76,"second":83,"amount":0},{"first":76,"second":84,"amount":-5},{"first":76,"second":85,"amount":-1},{"first":76,"second":86,"amount":-4},{"first":76,"second":87,"amount":-3},{"first":76,"second":89,"amount":-5},{"first":79,"second":65,"amount":-1},{"first":79,"second":74,"amount":-1},{"first":79,"second":84,"amount":-1},{"first":79,"second":86,"amount":-1},{"first":79,"second":87,"amount":-1},{"first":79,"second":88,"amount":-2},{"first":79,"second":89,"amount":-2},{"first":79,"second":90,"amount":-1},{"first":80,"second":97,"amount":-1},{"first":80,"second":99,"amount":-1},{"first":80,"second":100,"amount":-1},{"first":80,"second":101,"amount":-1},{"first":80,"second":103,"amount":-1},{"first":80,"second":111,"amount":-1},{"first":80,"second":113,"amount":-1},{"first":80,"second":115,"amount":0},{"first":80,"second":65,"amount":-3},{"first":80,"second":74,"amount":-3},{"first":80,"second":88,"amount":-1},{"first":80,"second":90,"amount":0},{"first":81,"second":65,"amount":-1},{"first":81,"second":74,"amount":-1},{"first":81,"second":84,"amount":-1},{"first":81,"second":86,"amount":-1},{"first":81,"second":87,"amount":-1},{"first":81,"second":88,"amount":-1},{"first":81,"second":89,"amount":-2},{"first":81,"second":90,"amount":-1},{"first":82,"second":99,"amount":-1},{"first":82,"second":100,"amount":-1},{"first":82,"second":101,"amount":-1},{"first":82,"second":103,"amount":-1},{"first":82,"second":111,"amount":-1},{"first":82,"second":113,"amount":-1},{"first":82,"second":84,"amount":0},{"first":82,"second":86,"amount":0},{"first":82,"second":89,"amount":-1},{"first":83,"second":118,"amount":0},{"first":83,"second":119,"amount":0},{"first":83,"second":84,"amount":0},{"first":83,"second":86,"amount":-1},{"first":83,"second":87,"amount":-1},{"first":83,"second":88,"amount":-1},{"first":83,"second":89,"amount":-2},{"first":84,"second":97,"amount":-6},{"first":84,"second":99,"amount":-6},{"first":84,"second":100,"amount":-3},{"first":84,"second":101,"amount":-6},{"first":84,"second":102,"amount":-1},{"first":84,"second":103,"amount":-6},{"first":84,"second":109,"amount":-2},{"first":84,"second":110,"amount":-2},{"first":84,"second":111,"amount":-6},{"first":84,"second":112,"amount":-2},{"first":84,"second":113,"amount":-6},{"first":84,"second":114,"amount":-2},{"first":84,"second":115,"amount":-3},{"first":84,"second":116,"amount":0},{"first":84,"second":117,"amount":-7},{"first":84,"second":118,"amount":-1},{"first":84,"second":119,"amount":-1},{"first":84,"second":120,"amount":-1},{"first":84,"second":121,"amount":-6},{"first":84,"second":122,"amount":-2},{"first":84,"second":65,"amount":-4},{"first":84,"second":67,"amount":-1},{"first":84,"second":71,"amount":-1},{"first":84,"second":74,"amount":-3},{"first":84,"second":79,"amount":-1},{"first":84,"second":81,"amount":-1},{"first":84,"second":83,"amount":0},{"first":85,"second":65,"amount":-1},{"first":85,"second":74,"amount":-1},{"first":85,"second":88,"amount":0},{"first":85,"second":90,"amount":0},{"first":86,"second":97,"amount":-3},{"first":86,"second":99,"amount":-3},{"first":86,"second":100,"amount":-3},{"first":86,"second":101,"amount":-3},{"first":86,"second":102,"amount":0},{"first":86,"second":103,"amount":-3},{"first":86,"second":109,"amount":-2},{"first":86,"second":110,"amount":-2},{"first":86,"second":111,"amount":-3},{"first":86,"second":112,"amount":-2},{"first":86,"second":113,"amount":-3},{"first":86,"second":114,"amount":-2},{"first":86,"second":115,"amount":-2},{"first":86,"second":116,"amount":0},{"first":86,"second":117,"amount":-2},{"first":86,"second":118,"amount":0},{"first":86,"second":119,"amount":0},{"first":86,"second":120,"amount":-1},{"first":86,"second":122,"amount":-2},{"first":86,"second":65,"amount":-3},{"first":86,"second":67,"amount":-1},{"first":86,"second":71,"amount":-1},{"first":86,"second":74,"amount":-3},{"first":86,"second":79,"amount":-1},{"first":86,"second":81,"amount":-1},{"first":86,"second":83,"amount":-1},{"first":87,"second":97,"amount":-2},{"first":87,"second":99,"amount":-2},{"first":87,"second":100,"amount":-2},{"first":87,"second":101,"amount":-2},{"first":87,"second":103,"amount":-2},{"first":87,"second":109,"amount":-1},{"first":87,"second":110,"amount":-1},{"first":87,"second":111,"amount":-2},{"first":87,"second":112,"amount":-1},{"first":87,"second":113,"amount":-2},{"first":87,"second":114,"amount":-1},{"first":87,"second":115,"amount":-2},{"first":87,"second":117,"amount":-1},{"first":87,"second":118,"amount":0},{"first":87,"second":119,"amount":0},{"first":87,"second":120,"amount":0},{"first":87,"second":122,"amount":-1},{"first":87,"second":65,"amount":-3},{"first":87,"second":67,"amount":-1},{"first":87,"second":71,"amount":-1},{"first":87,"second":74,"amount":-3},{"first":87,"second":79,"amount":-1},{"first":87,"second":81,"amount":-1},{"first":87,"second":83,"amount":0},{"first":88,"second":97,"amount":0},{"first":88,"second":99,"amount":-1},{"first":88,"second":100,"amount":-2},{"first":88,"second":101,"amount":-1},{"first":88,"second":102,"amount":-1},{"first":88,"second":103,"amount":-1},{"first":88,"second":111,"amount":-1},{"first":88,"second":113,"amount":-1},{"first":88,"second":115,"amount":-1},{"first":88,"second":116,"amount":-1},{"first":88,"second":117,"amount":-1},{"first":88,"second":118,"amount":-2},{"first":88,"second":119,"amount":-1},{"first":88,"second":67,"amount":-2},{"first":88,"second":71,"amount":-2},{"first":88,"second":79,"amount":-2},{"first":88,"second":81,"amount":-2},{"first":88,"second":83,"amount":-1},{"first":88,"second":85,"amount":0},{"first":89,"second":97,"amount":-5},{"first":89,"second":99,"amount":-5},{"first":89,"second":100,"amount":-3},{"first":89,"second":101,"amount":-5},{"first":89,"second":102,"amount":-1},{"first":89,"second":103,"amount":-5},{"first":89,"second":109,"amount":-3},{"first":89,"second":110,"amount":-3},{"first":89,"second":111,"amount":-5},{"first":89,"second":112,"amount":-3},{"first":89,"second":113,"amount":-5},{"first":89,"second":114,"amount":-3},{"first":89,"second":115,"amount":-3},{"first":89,"second":116,"amount":-1},{"first":89,"second":117,"amount":-3},{"first":89,"second":118,"amount":-1},{"first":89,"second":119,"amount":-1},{"first":89,"second":120,"amount":-2},{"first":89,"second":122,"amount":-3},{"first":89,"second":65,"amount":-4},{"first":89,"second":67,"amount":-2},{"first":89,"second":71,"amount":-2},{"first":89,"second":74,"amount":-4},{"first":89,"second":79,"amount":-2},{"first":89,"second":81,"amount":-2},{"first":89,"second":83,"amount":-1},{"first":90,"second":99,"amount":-1},{"first":90,"second":100,"amount":-1},{"first":90,"second":101,"amount":-1},{"first":90,"second":102,"amount":-1},{"first":90,"second":103,"amount":-1},{"first":90,"second":111,"amount":-1},{"first":90,"second":113,"amount":-1},{"first":90,"second":116,"amount":0},{"first":90,"second":117,"amount":0},{"first":90,"second":118,"amount":-1},{"first":90,"second":119,"amount":-1},{"first":90,"second":67,"amount":-1},{"first":90,"second":71,"amount":-1},{"first":90,"second":79,"amount":-1},{"first":90,"second":81,"amount":-1},{"first":90,"second":83,"amount":0}]}